Rank,Name,Symbol,marketcap,price (USD),country,shares,px_date,as_of
1,Apple,AAPL,4874864899136.414,333.69000244140625,United States,14608963000.0,2026-10-02,2026-10-05
2,Amazon,AMZN,2712140206069.9463,251.52000427246094,United States,10783000000.0,2026-10-02,2026-10-05
3,AVGO,AVGO,1695306980182.3188,355.1400146484375,United States,4773629865.0,2026-10-02,2026-10-05
4,AMD,AMD,1034541076171.875,633.9099731445312,United States,1632000000.0,2026-10-02,2026-10-05
5,AbbVie,ABBV,465454232971.1914,262.82000732421875,United States,1771000000.0,2026-10-02,2026-10-05
6,Applied Materials,AMAT,428574345680.2762,540.0399780273438,United States,793597443.0,2026-10-02,2026-10-05
7,Arista Networks,ANET,261509827697.7539,207.35000610351562,United States,1261200000.0,2026-10-02,2026-10-05
8,Amgen,AMGN,217883428619.38477,403.0400085449219,United States,540600000.0,2026-10-02,2026-10-05
9,AXP,AXP,204470310411.38718,302.7799987792969,United States,675309833.0,2026-10-02,2026-10-05
10,Analog Devices,ADI,202136480767.1971,417.1499938964844,United States,484565465.0,2026-10-02,2026-10-05
11,ABT,ABT,168712371360.0,97.5,United States,1730383296.0,2026-10-02,2026-10-05
12,ACN,ACN,122441525292.81601,198.89999389648438,United States,615593409.0,2026-10-02,2026-10-05
13,APH,APH,112108830819.70215,86.95999908447266,United States,1289200000.0,2026-10-02,2026-10-05
14,Automatic Data Processing,ADP,102505101086.42578,257.67999267578125,United States,397800000.0,2026-10-02,2026-10-05
15,ABNB,ABNB,96970705627.4414,162.42999267578125,United States,597000000.0,2026-10-02,2026-10-05
16,Adobe,ADBE,92936790954.58984,237.69000244140625,United States,391000000.0,2026-10-02,2026-10-05
17,APP,APP,89931752429.29077,268.2200012207031,United States,335291000.0,2026-10-02,2026-10-05
18,AMT,AMT,75578548378.00598,162.1999969482422,United States,465959000.0,2026-10-02,2026-10-05
19,APO,APO,65672297229.54108,114.0199966430664,United States,575971752.0,2026-10-02,2026-10-05
20,American Electric Power,AEP,65411259048.33234,119.56999969482422,United States,547054104.0,2026-10-02,2026-10-05
21,APD,APD,61810824193.097534,277.57000732421875,United States,222685530.0,2026-10-02,2026-10-05
22,Astera Labs,ALAB,60776997720.4895,350.3299865722656,United States,173485000.0,2026-10-02,2026-10-05
23,Arthur J. Gallagher & Co.,AJG,57951993156.433105,226.11000061035156,United States,256300000.0,2026-10-02,2026-10-05
24,Ametek,AME,57907368466.4917,251.92999267578125,United States,229855000.0,2026-10-02,2026-10-05
25,AON,AON,57635357611.083984,269.45001220703125,United States,213900000.0,2026-10-02,2026-10-05
26,Allstate,ALL,56829961395.26367,223.74000549316406,United States,254000000.0,2026-10-02,2026-10-05
27,Aflac,AFL,56021746239.83002,111.54000091552734,United States,502257000.0,2026-10-02,2026-10-05
28,Agilent Technologies,A,47308223760.94345,167.77999877929688,United States,281965813.0,2026-10-02,2026-10-05
29,Ameriprise Financial,AMP,45605539340.20996,490.9100036621094,United States,92900000.0,2026-10-02,2026-10-05
30,Autodesk,ADSK,44732000000.0,212.0,United States,211000000.0,2026-10-02,2026-10-05
31,American International Group,AIG,39315771160.12573,74.93000030517578,United States,524700000.0,2026-10-02,2026-10-05
32,Archer Daniels Midland (ADM),ADM,39018248519.89746,80.44999694824219,United States,485000000.0,2026-10-02,2026-10-05
33,ARES,ARES,36813154556.769516,117.55000305175781,United States,313170171.0,2026-10-02,2026-10-05
34,AXON,AXON,33579485986.08383,413.3500061035156,United States,81237415.0,2026-10-02,2026-10-05
35,ACGL,ACGL,32647679467.773438,93.5999984741211,United States,348800000.0,2026-10-02,2026-10-05
36,Alnylam Pharmaceuticals,ALNY,29384034643.24951,219.72000122070312,United States,133734000.0,2026-10-02,2026-10-05
37,Ameren,AEE,27663392675.78125,99.94000244140625,United States,276800000.0,2026-10-02,2026-10-05
38,ATO,ATO,26559568445.906937,157.1699981689453,United States,168986249.0,2026-10-02,2026-10-05
39,ATI,ATI,26201585622.74762,192.4199981689453,United States,136168724.0,2026-10-02,2026-10-05
40,AWK,AWK,25529000000.0,130.25,United States,196000000.0,2026-10-02,2026-10-05
41,Affirm,AFRM,24634813684.431953,70.7699966430664,United States,348096861.0,2026-10-02,2026-10-05
42,AMRZ,AMRZ,20484787755.67316,37.2599983215332,United States,549779621.0,2026-10-02,2026-10-05
43,ARXS,ARXS,20102738670.354767,50.029998779296875,United States,401813695.0,2026-10-02,2026-10-05
44,AMCR,AMCR,19353790865.593414,41.86000061035156,United States,462345690.0,2026-10-02,2026-10-05
45,APG,APG,17685570524.80465,40.47999954223633,United States,436896510.0,2026-10-02,2026-10-05
46,ASTS,ASTS,17480154372.06594,58.45000076293945,United States,299061662.0,2026-10-02,2026-10-05
47,Akamai,AKAM,15639980471.076202,108.91999816894531,United States,143591450.0,2026-10-02,2026-10-05
48,APA,APA,15462720108.032227,43.68000030517578,United States,354000000.0,2026-10-02,2026-10-05
49,ARMK,ARMK,14640847845.468441,55.54999923706055,United States,263561621.0,2026-10-02,2026-10-05
50,AMKR,AMKR,13918307595.172516,56.02000045776367,United States,248452472.0,2026-10-02,2026-10-05
51,ARCC,ARCC,13541480438.232422,18.860000610351562,United States,718000000.0,2026-10-02,2026-10-05
52,Assurant,AIZ,13200844719.285889,267.32000732421875,United States,49382180.0,2026-10-02,2026-10-05
53,ALLE,ALLE,13116925675.363815,154.2100067138672,United States,85058849.0,2026-10-02,2026-10-05
54,AVY,AVY,12893613871.090698,169.8699951171875,United States,75902833.0,2026-10-02,2026-10-05
55,Applied Industrial Technologies,AIT,12639990799.255371,343.45001220703125,United States,36803000.0,2026-10-02,2026-10-05
56,ARW,ARW,12552332385.08606,242.00999450683594,United States,51867000.0,2026-10-02,2026-10-05
57,Albemarle,ALB,12340992027.893066,104.58999633789062,United States,117994000.0,2026-10-02,2026-10-05
58,Advanced Energy,AEIS,12171199951.171875,304.2799987792969,United States,40000000.0,2026-10-02,2026-10-05
59,Ally,ALLY,11545207644.930496,37.90999984741211,United States,304542540.0,2026-10-02,2026-10-05
60,American Financial Group,AFG,11533706242.883057,139.10000610351562,United States,82916648.0,2026-10-02,2026-10-05
61,AUR,AUR,11328660152.435303,5.670000076293945,United States,1998000000.0,2026-10-02,2026-10-05
62,Alcoa,AA,11158700202.941895,41.95000076293945,United States,266000000.0,2026-10-02,2026-10-05
63,AMH,AMH,10918056850.042448,30.260000228881836,United States,360808221.0,2026-10-02,2026-10-05
64,AES,AES,10633181392.010769,14.90999984741211,United States,713157713.0,2026-10-02,2026-10-05
65,AR,AR,10521825685.317993,34.08000183105469,United States,308739000.0,2026-10-02,2026-10-05
66,AVTR,AVTR,10375344708.804169,15.34000015258789,United States,676358840.0,2026-10-02,2026-10-05
67,Align Technology,ALGN,10240756691.360474,143.74000549316406,United States,71245000.0,2026-10-02,2026-10-05
68,AGNC Investment,AGNC,10233317955.589294,8.789999961853027,United States,1164200000.0,2026-10-02,2026-10-05
69,Affiliated Managers Group,AMG,9991466802.978516,371.42999267578125,United States,26900000.0,2026-10-02,2026-10-05
70,Allison Transmission,ALSN,9909480102.539062,117.97000122070312,United States,84000000.0,2026-10-02,2026-10-05
71,American Healthcare REIT,AHR,9880468069.5,50.75,United States,194689026.0,2026-10-02,2026-10-05
72,AAOI,AAOI,9754177430.969238,115.58999633789062,United States,84386000.0,2026-10-02,2026-10-05
73,Antero Midstream,AM,9664016809.707642,20.360000610351562,United States,474657000.0,2026-10-02,2026-10-05
74,AXSM,AXSM,9389261626.5,179.25,United States,52380818.0,2026-10-02,2026-10-05
75,APTV,APTV,9072234060.764313,43.540000915527344,United States,208365500.0,2026-10-02,2026-10-05
76,ARWR,ARWR,9059455994.567871,64.19000244140625,United States,141135000.0,2026-10-02,2026-10-05
77,AVT,AVT,8776884574.633484,106.94000244140625,United States,82072979.0,2026-10-02,2026-10-05
78,American Airlines,AAL,8565460180.280321,12.9399995803833,United States,661936666.0,2026-10-02,2026-10-05
79,ALV,ALV,8299269886.779785,111.8499984741211,United States,74200000.0,2026-10-02,2026-10-05
80,Agree Realty,ADC,8194234036.696793,65.87999725341797,United States,124381214.0,2026-10-02,2026-10-05
81,ARE,ARE,8086911477.653503,47.369998931884766,United States,170718000.0,2026-10-02,2026-10-05
82,AGCO,AGCO,8022952986.995956,114.61000061035156,United States,70002207.0,2026-10-02,2026-10-05
83,AOS,AOS,7823701642.0,56.75,United States,137862584.0,2026-10-02,2026-10-05
84,ATR,ATR,7699181515.136719,119.91000366210938,United States,64208000.0,2026-10-02,2026-10-05
85,AECOM,ACM,7677981445.142605,59.65999984741211,United States,128695633.0,2026-10-02,2026-10-05
86,Allegro MicroSystems,ALGM,7365324837.505646,39.529998779296875,United States,186322415.0,2026-10-02,2026-10-05
87,APLD,APLD,7306485602.5384655,25.3799991607666,United States,287883603.0,2026-10-02,2026-10-05
88,Arcosa,ACA,7207800000.0,146.5,United States,49200000.0,2026-10-02,2026-10-05
89,APPF,APPF,7197519213.2873535,202.97000122070312,United States,35461000.0,2026-10-02,2026-10-05
90,AVAV,AVAV,7156571627.861938,140.82000732421875,United States,50820702.0,2026-10-02,2026-10-05
91,ALKS,ALKS,6994845016.5,41.75,United States,167541198.0,2026-10-02,2026-10-05
92,AXS,AXS,6923043956.552025,94.87999725341797,United States,72966317.0,2026-10-02,2026-10-05
93,AWI,AWI,6904525699.480835,163.1199951171875,United States,42327893.0,2026-10-02,2026-10-05
94,Aaon,AAON,6865447764.217415,83.2699966430664,United States,82448037.0,2026-10-02,2026-10-05
95,Amneal Pharmaceuticals,AMRX,6660470349.67804,20.299999237060547,United States,328102000.0,2026-10-02,2026-10-05
96,Enact Holdings,ACT,6251854088.150024,45.2599983215332,United States,138132000.0,2026-10-02,2026-10-05
97,ACM Research,ACMR,5989927951.728546,83.37999725341797,United States,71838908.0,2026-10-02,2026-10-05
98,Abercrombie &amp; Fitch,ANF,5986971571.31958,135.91000366210938,United States,44051000.0,2026-10-02,2026-10-05
99,Albertsons,ACI,5853850000.0,11.75,United States,498200000.0,2026-10-02,2026-10-05
100,ADT,ADT,5695706250.0,6.25,United States,911313000.0,2026-10-02,2026-10-05
101,AUB,AUB,5509496041.988182,38.81999969482422,United States,141924165.0,2026-10-02,2026-10-05
102,ASB,ASB,5472824088.0,29.0,United States,188718072.0,2026-10-02,2026-10-05
103,Ameris Bancorp,ABCB,5464619358.858215,81.44000244140625,United States,67099941.0,2026-10-02,2026-10-05
104,Argan,AGX,5386206364.9313965,383.8299865722656,United States,14032792.0,2026-10-02,2026-10-05
105,AutoNation,AN,5377426222.229004,162.4600067138672,United States,33100000.0,2026-10-02,2026-10-05
106,AROC,AROC,5299985506.668091,30.329999923706055,United States,174744000.0,2026-10-02,2026-10-05
107,AMRN,AMRN,5187543831.934078,12.350000381469727,United States,420044022.0,2026-10-02,2026-10-05
108,ACI Worldwide,ACIW,5076370765.605171,50.150001525878906,United States,101223741.0,2026-10-02,2026-10-05
109,AX,AX,5045358994.883858,88.93000030517578,United States,56734049.0,2026-10-02,2026-10-05
110,Axcelis Technologies,ACLS,4563285501.937866,147.77000427246094,United States,30881000.0,2026-10-02,2026-10-05
111,Adaptive Biotechnologies,ADPT,4509340344.3764305,28.350000381469727,United States,159059622.0,2026-10-02,2026-10-05
112,ALTB,ALTB,4455000000.0,10.0,United States,445500000.0,2026-10-02,2026-10-05
113,AMTM,AMTM,4431961857.319,18.139999389648438,United States,244319846.0,2026-10-02,2026-10-05
114,Alaska Airlines,ALK,4410242187.909851,39.529998779296875,United States,111566970.0,2026-10-02,2026-10-05
115,ARX,ARX,4334499107.213539,19.729999542236328,United States,219690786.0,2026-10-02,2026-10-05
116,ALH,ALH,4233415339.6643333,21.299999237060547,United States,198751901.0,2026-10-02,2026-10-05
117,ABCL,ABCL,4210892673.534668,13.739999771118164,United States,306469632.0,2026-10-02,2026-10-05
118,AAR,AIR,4120308655.474098,102.51000213623047,United States,40194211.0,2026-10-02,2026-10-05
119,APLE,APLE,3897725398.0150414,16.510000228881836,United States,236082698.0,2026-10-02,2026-10-05
120,AVNT,AVNT,3776093705.556488,41.16999816894531,United States,91719550.0,2026-10-02,2026-10-05
121,Archer Aviation,ACHR,3765299897.1939087,4.889999866485596,United States,770000000.0,2026-10-02,2026-10-05
122,ATMU,ATMU,3747400062.561035,45.70000076293945,United States,82000000.0,2026-10-02,2026-10-05
123,Aehr Test Systems,AEHR,3482180770.263672,107.20999908447266,United States,32480000.0,2026-10-02,2026-10-05
124,ACADIA Pharmaceuticals,ACAD,3434042349.226631,19.950000762939453,United States,172132442.0,2026-10-02,2026-10-05
125,AAMI,AAMI,3364120915.96756,94.16999816894531,United States,35723914.0,2026-10-02,2026-10-05
126,AWR,AWR,3282608122.54422,82.81999969482422,United States,39635452.0,2026-10-02,2026-10-05
127,AllianceBernstein,AB,3257632665.0,35.0,United States,93075219.0,2026-10-02,2026-10-05
128,Asbury Automotive Group,ABG,3218604089.3554688,175.8800048828125,United States,18300000.0,2026-10-02,2026-10-05
129,ATKR,ATKR,3195558773.759079,94.62000274658203,United States,33772550.0,2026-10-02,2026-10-05
130,ASH,ASH,3183554928.674698,69.5199966430664,United States,45793370.0,2026-10-02,2026-10-05
131,ATRO,ATRO,3173221763.61084,68.19000244140625,United States,46535000.0,2026-10-02,2026-10-05
132,ARQT,ARQT,3159869540.836334,25.15999984741211,United States,125591000.0,2026-10-02,2026-10-05
133,ARLP,ARLP,3156000476.8729877,24.530000686645508,United States,128658801.0,2026-10-02,2026-10-05
134,AMLX,AMLX,3094924686.5307083,27.790000915527344,United States,111368283.0,2026-10-02,2026-10-05
135,Ambarella,AMBA,3030277040.0037613,68.6500015258789,United States,44140961.0,2026-10-02,2026-10-05
136,AGO,AGO,3016461446.4683533,68.47000122070312,United States,44055227.0,2026-10-02,2026-10-05
137,ASO,ASO,3000739330.2414207,48.72999954223633,United States,61578891.0,2026-10-02,2026-10-05
138,AVPT,AVPT,2974834105.4763794,14.069999694824219,United States,211431000.0,2026-10-02,2026-10-05
139,AD,AD,2974012757.217407,34.38999938964844,United States,86479000.0,2026-10-02,2026-10-05
140,American Eagle Outfitters,AEO,2968886536.5219116,17.709999084472656,United States,167639000.0,2026-10-02,2026-10-05
141,ARCB,ARCB,2963670668.560608,132.61000061035156,United States,22348772.0,2026-10-02,2026-10-05
142,AVA,AVA,2957283235.015869,35.310001373291016,United States,83752000.0,2026-10-02,2026-10-05
143,ABM Industries,ABM,2870356641.7910156,48.970001220703125,United States,58614592.0,2026-10-02,2026-10-05
144,Adeia,ADEA,2838143854.763031,25.739999771118164,United States,110262000.0,2026-10-02,2026-10-05
145,APAM,APAM,2827611221.6287193,34.880001068115234,United States,81066833.0,2026-10-02,2026-10-05
146,ATRC,ATRC,2804585788.9556885,55.13999938964844,United States,50863000.0,2026-10-02,2026-10-05
147,Agilysys,AGYS,2798691147.31221,99.26000213623047,United States,28195558.0,2026-10-02,2026-10-05
148,AVAH,AVAH,2746545384.217495,12.59000015258789,United States,218152927.0,2026-10-02,2026-10-05
149,Alarm.com,ALRM,2681153599.4038467,54.68000030517578,United States,49033533.0,2026-10-02,2026-10-05
150,APPN,APPN,2633624021.911621,36.68000030517578,United States,71800000.0,2026-10-02,2026-10-05
151,ACHC,ACHC,2612393666.779089,28.059999465942383,United States,93100275.0,2026-10-02,2026-10-05
152,Acadia Realty Trust,AKR,2558455847.2281647,18.6299991607666,United States,137329896.0,2026-10-02,2026-10-05
153,AGM,AGM,2337344706.9396973,214.7899932861328,United States,10882000.0,2026-10-02,2026-10-05
154,The Andersons,ANDE,2320899881.8359375,67.72000122070312,United States,34272000.0,2026-10-02,2026-10-05
155,Advance Auto Parts,AAP,2320800018.310547,38.68000030517578,United States,60000000.0,2026-10-02,2026-10-05
156,ASST,ASST,2260532505.867794,30.030000686645508,United States,75275806.0,2026-10-02,2026-10-05
157,ADMA Biologics,ADMA,2190452876.336338,9.720000267028809,United States,225355228.0,2026-10-02,2026-10-05
158,APHD,APHD,2183083967.777827,1.1299999952316284,United States,1931932723.0,2026-10-02,2026-10-05
159,AADX,AADX,2177330152.0688725,12.630000114440918,United States,172393518.0,2026-10-02,2026-10-05
160,Alpha Metallurgical Resources,AMR,2176069727.1312714,171.5399932861328,United States,12685495.0,2026-10-02,2026-10-05
161,Addus HomeCare,ADUS,2077855917.312622,111.2699966430664,United States,18674000.0,2026-10-02,2026-10-05
162,ALDS,ALDS,2025025697.0,1.0,United States,2025025697.0,2026-10-02,2026-10-05
163,ALMR,ALMR,2015731325.606308,34.36000061035156,United States,58665055.0,2026-10-02,2026-10-05
164,Allient,ALNT,2010153651.8554688,118.30000305175781,United States,16992000.0,2026-10-02,2026-10-05
165,AXGN,AXGN,2006208762.5207977,37.38999938964844,United States,53656293.0,2026-10-02,2026-10-05
166,ATEN,ATEN,2001903959.1941833,27.6299991607666,United States,72454000.0,2026-10-02,2026-10-05
167,AMC Entertainment,AMC,1999981536.2286568,2.7699999809265137,United States,722015000.0,2026-10-02,2026-10-05
168,ASAN,ASAN,1989651133.5849762,8.619999885559082,United States,230818000.0,2026-10-02,2026-10-05
169,Alamo Group,ALG,1949630093.0046387,161.00999450683594,United States,12108752.0,2026-10-02,2026-10-05
170,Agios Pharmaceuticals,AGIO,1895433548.5251236,31.799999237060547,United States,59604830.0,2026-10-02,2026-10-05
171,AMPL,AMPL,1878597659.2254639,14.520000457763672,United States,129380000.0,2026-10-02,2026-10-05
172,ARR,ARR,1853281910.8085632,13.59000015258789,United States,136371000.0,2026-10-02,2026-10-05
173,ASTH,ASTH,1786035697.80867,35.880001068115234,United States,49778028.0,2026-10-02,2026-10-05
174,Allegiant Air,ALGT,1773543733.947754,77.61000061035156,United States,22852000.0,2026-10-02,2026-10-05
175,ACV Auctions,ACVA,1767335317.7423477,10.449999809265137,United States,169123000.0,2026-10-02,2026-10-05
176,Absci,ABSI,1743211803.7834473,11.069999694824219,United States,157471712.0,2026-10-02,2026-10-05
177,Albany International,AIN,1740437470.5352783,60.880001068115234,United States,28588000.0,2026-10-02,2026-10-05
178,C3 AI,AI,1706539025.4764557,11.010000228881836,United States,154999000.0,2026-10-02,2026-10-05
179,ATEX,ATEX,1648680882.6377563,84.33000183105469,United States,19550348.0,2026-10-02,2026-10-05
180,AMBQ,AMBQ,1646292014.1688538,68.18000030517578,United States,24146260.0,2026-10-02,2026-10-05
181,Alignment Healthcare,ALHC,1644994864.2748313,7.940000057220459,United States,207178193.0,2026-10-02,2026-10-05
182,ANIP,ANIP,1581824706.6879272,72.18000030517578,United States,21915000.0,2026-10-02,2026-10-05
183,ATEC,ATEC,1549544688.7464523,10.029999732971191,United States,154491000.0,2026-10-02,2026-10-05
184,Atlas Energy Solutions,AESI,1505030432.351532,12.039999961853027,United States,125002528.0,2026-10-02,2026-10-05
185,Alkami Technology,ALKT,1485424138.915615,13.890000343322754,United States,106941980.0,2026-10-02,2026-10-05
186,ARDT,ARDT,1467358706.9738846,10.34000015258789,United States,141910898.0,2026-10-02,2026-10-05
187,AMSC,AMSC,1453898112.298666,30.010000228881836,United States,48447121.0,2026-10-02,2026-10-05
188,ARHS,ARHS,1452116478.2626667,10.239999771118164,United States,141808253.0,2026-10-02,2026-10-05
189,AnaptysBio,ANAB,1450816154.8267822,48.529998779296875,United States,29895244.0,2026-10-02,2026-10-05
190,Amalgamated Financial,AMAL,1440888042.8683968,48.189998626708984,United States,29900147.0,2026-10-02,2026-10-05
191,AMN Healthcare Services,AMN,1418167121.3531494,36.630001068115234,United States,38716000.0,2026-10-02,2026-10-05
192,Amprius Technologies,AMPX,1412599587.2050667,9.670000076293945,United States,146080618.0,2026-10-02,2026-10-05
193,Agilon Health,AGL,1412289889.755249,84.13999938964844,United States,16785000.0,2026-10-02,2026-10-05
194,ATLC,ATLC,1393978733.8309174,91.88999938964844,United States,15170081.0,2026-10-02,2026-10-05
195,ARLO,ARLO,1374617729.7783613,12.779999732971191,United States,107560075.0,2026-10-02,2026-10-05
196,AVBP,AVBP,1365994859.6889534,28.270000457763672,United States,48319591.0,2026-10-02,2026-10-05
197,ADIG,ADIG,1353710614.5475197,17.829999923706055,United States,75923198.0,2026-10-02,2026-10-05
198,APPS,APPS,1350855553.6866875,11.170000076293945,United States,120936038.0,2026-10-02,2026-10-05
199,ADNT,ADNT,1334547851.7457962,17.309999465942383,United States,77096932.0,2026-10-02,2026-10-05
200,American Assets Trust,AAT,1322974623.9624329,21.549999237060547,United States,61390936.0,2026-10-02,2026-10-05
201,ASIC,ASIC,1254247709.4165344,26.170000076293945,United States,47926928.0,2026-10-02,2026-10-05
202,AVLN,AVLN,1247089897.0141869,28.1299991607666,United States,44333094.0,2026-10-02,2026-10-05
203,ALX,ALX,1245463742.5172424,243.86000061035156,United States,5107290.0,2026-10-02,2026-10-05
204,Arteris,AIP,1209619649.2352753,24.65999984741211,United States,49051892.0,2026-10-02,2026-10-05
205,Ameresco,AMRC,1161220933.5708618,21.56999969482422,United States,53835000.0,2026-10-02,2026-10-05
206,Amerant Bancorp,AMTB,1158346800.1522617,29.559999465942383,United States,39186293.0,2026-10-02,2026-10-05
207,AVO,AVO,1123160392.0313225,12.8100004196167,United States,87678404.0,2026-10-02,2026-10-05
208,AORT,AORT,1082949684.0763092,22.309999465942383,United States,48541000.0,2026-10-02,2026-10-05
209,Amphastar Pharmaceuticals,AMPH,1081594494.729805,25.43000030517578,United States,42532225.0,2026-10-02,2026-10-05
210,Aeva Technologies,AEVA,1013761095.7202911,14.760000228881836,United States,68683000.0,2026-10-02,2026-10-05
211,AKTS,AKTS,989824055.9057388,18.520000457763672,United States,53446222.0,2026-10-02,2026-10-05
212,ASTE,ASTE,965774208.0,42.0,United States,22994624.0,2026-10-02,2026-10-05
213,Accel Entertainment,ACEL,904218612.7281189,10.84000015258789,United States,83415000.0,2026-10-02,2026-10-05
214,ALMS,ALMS,874678227.7225084,6.849999904632568,United States,127690254.0,2026-10-02,2026-10-05
215,ANRO,ANRO,870329685.2254486,24.799999237060547,United States,35093940.0,2026-10-02,2026-10-05
216,AEBI,AEBI,842435581.6976471,10.90999984741211,United States,77216828.0,2026-10-02,2026-10-05
217,ANNX,ANNX,842203708.6114993,4.190000057220459,United States,201003269.0,2026-10-02,2026-10-05
218,ProFrac,ACDC,833559986.114502,4.579999923706055,United States,182000000.0,2026-10-02,2026-10-05
219,ARDX,ARDX,832151162.3555362,3.3399999141693115,United States,249147061.0,2026-10-02,2026-10-05
220,Alerus Financial,ALRS,816286530.2996063,32.66999816894531,United States,24985815.0,2026-10-02,2026-10-05
221,APEI,APEI,803227690.1018486,43.72999954223633,United States,18367887.0,2026-10-02,2026-10-05
222,ABX,ABX,802940828.1246338,8.270000457763672,United States,97090784.0,2026-10-02,2026-10-05
223,ARI,ARI,794914952.145484,6.199999809265137,United States,128212093.0,2026-10-02,2026-10-05
224,AVTX,AVTX,792981360.9719925,14.989999771118164,United States,52900692.0,2026-10-02,2026-10-05
225,AVEX,AVEX,764624962.4675179,14.479999542236328,United States,52805593.0,2026-10-02,2026-10-05
226,AdaptHealth,AHCO,763308407.0009351,5.599999904632568,United States,136305075.0,2026-10-02,2026-10-05
227,ANGX,ANGX,760937178.8908577,4.079999923706055,United States,186504214.0,2026-10-02,2026-10-05
228,ANDG,ANDG,757736331.766098,57.13999938964844,United States,13261049.0,2026-10-02,2026-10-05
229,AVR,AVR,751038088.9759312,7.710000038146973,United States,97410906.0,2026-10-02,2026-10-05
230,APOG,APOG,750260511.1223946,35.619998931884766,United States,21062901.0,2026-10-02,2026-10-05
231,ACHV,ACHV,743672504.4898987,7.239999771118164,United States,102717200.0,2026-10-02,2026-10-05
232,APC,APC,737862000.0,15.5,United States,47604000.0,2026-10-02,2026-10-05
233,ACGP,ACGP,706597816.116333,33.45000076293945,United States,21124000.0,2026-10-02,2026-10-05
234,ADAM,ADAM,701961123.5170374,7.809999942779541,United States,89879786.0,2026-10-02,2026-10-05
235,Arbor Realty Trust,ABR,672775044.1063771,3.559999942779541,United States,188981757.0,2026-10-02,2026-10-05
236,ACNB Corporation,ACNB,648638122.9855347,63.779998779296875,United States,10169930.0,2026-10-02,2026-10-05
237,ANGO,ANGO,635442725.0617504,15.109999656677246,United States,42054450.0,2026-10-02,2026-10-05
238,ARRY,ARRY,635194788.1221771,4.079999923706055,United States,155685000.0,2026-10-02,2026-10-05
239,AURA,AURA,630193538.559803,6.090000152587891,United States,103480053.0,2026-10-02,2026-10-05
240,AROW,AROW,625241989.4475555,37.790000915527344,United States,16545170.0,2026-10-02,2026-10-05
241,ACRS,ACRS,613828539.8014455,4.389999866485596,United States,139824273.0,2026-10-02,2026-10-05
242,AGNT,AGNT,609980485.9876084,3.6500000953674316,United States,167117937.0,2026-10-02,2026-10-05
243,ABTC,ABTC,608357858.4421692,8.510000228881836,United States,71487408.0,2026-10-02,2026-10-05
244,ADTRAN,ADTN,571612796.9026566,7.039999961853027,United States,81195000.0,2026-10-02,2026-10-05
245,AQST,AQST,571078022.339447,4.550000190734863,United States,125511648.0,2026-10-02,2026-10-05
246,ALOY,ALOY,558510457.368516,8.119999885559082,United States,68782077.0,2026-10-02,2026-10-05
247,Altimmune,ALT,531886790.78884935,2.734999895095825,United States,194474154.0,2026-10-02,2026-10-05
248,Allogene Therapeutics,ALLO,518018140.5,1.5,United States,345345427.0,2026-10-02,2026-10-05
249,AII,AII,510604697.15598106,26.059999465942383,United States,19593427.0,2026-10-02,2026-10-05
250,ARVN,ARVN,483872990.03601074,7.409999847412109,United States,65300000.0,2026-10-02,2026-10-05
251,AMCX,AMCX,480058553.4362793,11.15999984741211,United States,43016000.0,2026-10-02,2026-10-05
252,ASPN,ASPN,472203659.3486309,5.690000057220459,United States,82988340.0,2026-10-02,2026-10-05
253,ARKO,ARKO,467814465.12909126,4.170000076293945,United States,112185721.0,2026-10-02,2026-10-05
254,ASMB,ASMB,458927852.4806824,22.540000915527344,United States,20360596.0,2026-10-02,2026-10-05
255,AHRT,AHRT,449802951.20048285,6.03000020980835,United States,74594185.0,2026-10-02,2026-10-05
256,AVBC,AVBC,446495795.40491104,22.239999771118164,United States,20076250.0,2026-10-02,2026-10-05
257,American Coastal Insurance Corporation,ACIC,441046151.63344574,9.329999923706055,United States,47271828.0,2026-10-02,2026-10-05
258,ASIX,ASIX,437959218.3797569,16.219999313354492,United States,27001186.0,2026-10-02,2026-10-05
259,AMERISAFE,AMSF,437265611.048378,23.59000015258789,United States,18536058.0,2026-10-02,2026-10-05
260,ATNI,ATNI,429907691.51963425,27.90999984741211,United States,15403357.0,2026-10-02,2026-10-05
261,ACAT,ACAT,429595740.0,10.0,United States,42959574.0,2026-10-02,2026-10-05
262,Acacia Research,ACTG,423526748.5905647,4.340000152587891,United States,97586805.0,2026-10-02,2026-10-05
263,AVIR,AVIR,411450115.0486994,5.130000114440918,United States,80204699.0,2026-10-02,2026-10-05
264,Acco Brands,ACCO,396890017.6048279,4.300000190734863,United States,92300000.0,2026-10-02,2026-10-05
265,ASPI,ASPI,378732722.35075235,2.9100000858306885,United States,130148698.0,2026-10-02,2026-10-05
266,AIOT,AIOT,377175052.3195267,2.809999942779541,United States,134226000.0,2026-10-02,2026-10-05
267,ARCT,ARCT,370351682.4102402,13.029999732971191,United States,28423000.0,2026-10-02,2026-10-05
268,Agenus,AGEN,356266551.84908867,8.359999656677246,United States,42615618.0,2026-10-02,2026-10-05
269,Advantage Solutions,ADV,354472986.49246216,27.639999389648438,United States,12824638.0,2026-10-02,2026-10-05
270,ARTNA,ARTNA,347294588.9663696,33.619998931884766,United States,10330000.0,2026-10-02,2026-10-05
271,AVBH,AVBH,343321205.1537552,31.260000228881836,United States,10982764.0,2026-10-02,2026-10-05
272,ALTI,ALTI,322596690.57501554,2.9100000858306885,United States,110857966.0,2026-10-02,2026-10-05
273,ASYS,ASYS,315320903.0172863,18.010000228881836,United States,17508101.0,2026-10-02,2026-10-05
274,ABAT,ABAT,312245298.17836475,2.190000057220459,United States,142577758.0,2026-10-02,2026-10-05
275,ANVI,ANVI,295077004.57572937,2.4600000381469727,United States,119950000.0,2026-10-02,2026-10-05
276,Alto Ingredients,ALTO,292461518.5203552,3.7699999809265137,United States,77576000.0,2026-10-02,2026-10-05
277,Abeona Therapeutics,ABEO,287846384.5764756,5.03000020980835,United States,57225919.0,2026-10-02,2026-10-05
278,AIRJ,AIRJ,287521790.07596207,3.9200000762939453,United States,73347394.0,2026-10-02,2026-10-05
279,ATLO,ATLO,286619644.60601807,32.36000061035156,United States,8857220.0,2026-10-02,2026-10-05
280,Alico,ALCO,284119497.55477524,38.310001373291016,United States,7416327.0,2026-10-02,2026-10-05
281,Aimco,AIV,272515992.59376526,1.9299999475479126,United States,141200000.0,2026-10-02,2026-10-05
282,ARTV,ARTV,269192398.8730087,6.829999923706055,United States,39413236.0,2026-10-02,2026-10-05
283,AVNW,AVNW,264704003.90625,20.68000030517578,United States,12800000.0,2026-10-02,2026-10-05
284,ARL,ARL,259078784.50763702,16.040000915527344,United States,16152043.0,2026-10-02,2026-10-05
285,ANIK,ANIK,255615305.10520935,19.100000381469727,United States,13383000.0,2026-10-02,2026-10-05
286,ALMU,ALMU,252765601.31521893,13.119999885559082,United States,19265671.0,2026-10-02,2026-10-05
287,ANGI,ANGI,244776957.71694183,6.050000190734863,United States,40459000.0,2026-10-02,2026-10-05
288,Acme United,ACU,243447760.5,63.5,United States,3833823.0,2026-10-02,2026-10-05
289,AIAI,AIAI,243157089.0,3.5,United States,69473454.0,2026-10-02,2026-10-05
290,ASLE,ASLE,240542883.69936848,5.039999961853027,United States,47726763.0,2026-10-02,2026-10-05
291,Akebia Therapeutics,AKBA,235057452.7965405,0.8650000095367432,United States,271742717.0,2026-10-02,2026-10-05
292,Alight,ALIT,233206537.0521164,8.850000381469727,United States,26351020.0,2026-10-02,2026-10-05
293,AENT,AENT,228898527.0316887,4.489999771118164,United States,50979630.0,2026-10-02,2026-10-05
294,AMFN,AMFN,221668253.29613984,0.10490000247955322,United States,2113138685.0,2026-10-02,2026-10-05
295,ASUR,ASUR,221368315.05203247,7.679999828338623,United States,28824000.0,2026-10-02,2026-10-05
296,Ares Commercial Real Estate,ACRE,212492658.557127,3.8299999237060547,United States,55481113.0,2026-10-02,2026-10-05
297,Alta Equipment Group,ALTG,210944600.5409026,6.480000019073486,United States,32553179.0,2026-10-02,2026-10-05
298,American Well,AMWL,209700830.15073967,12.390000343322754,United States,16925006.0,2026-10-02,2026-10-05
299,AIRO,AIRO,207947454.8149109,6.590000152587891,United States,31555000.0,2026-10-02,2026-10-05
300,ANTX,ANTX,207322501.3750658,5.710000038146973,United States,36308669.0,2026-10-02,2026-10-05
301,AOUT,AOUT,206256137.7122612,16.350000381469727,United States,12615054.0,2026-10-02,2026-10-05
302,Alector,ALEC,202098810.66094637,1.809999942779541,United States,111656805.0,2026-10-02,2026-10-05
303,AP,AP,199955796.06819153,9.699999809265137,United States,20614000.0,2026-10-02,2026-10-05
304,ACOG,ACOG,198144354.7061615,9.100000381469727,United States,21774104.0,2026-10-02,2026-10-05
305,AREC,AREC,191478572.7993698,1.7899999618530273,United States,106971272.0,2026-10-02,2026-10-05
306,ATOM,ATOM,183803041.48864746,4.710000038146973,United States,39024000.0,2026-10-02,2026-10-05
307,Amplify Energy,AMPY,180021087.55270815,4.360000133514404,United States,41289239.0,2026-10-02,2026-10-05
308,AERG,AERG,179828723.55218822,0.7820000052452087,United States,229960003.0,2026-10-02,2026-10-05
309,AOMR,AOMR,169670130.25893545,7.320000171661377,United States,23178979.0,2026-10-02,2026-10-05
310,AVXL,AVXL,168708257.30214286,1.8200000524520874,United States,92696842.0,2026-10-02,2026-10-05
311,ALX Oncology,ALXO,168623825.29439855,1.2200000286102295,United States,138216247.0,2026-10-02,2026-10-05
312,Acumen Pharmaceuticals,ABOS,147522013.80141258,2.0399999618530273,United States,72314714.0,2026-10-02,2026-10-05
313,AGPU,AGPU,137530074.331398,12.079999923706055,United States,11384940.0,2026-10-02,2026-10-05
314,ARMP,ARMP,130752933.69150162,3.5199999809265137,United States,37145720.0,2026-10-02,2026-10-05
315,AirSculpt Technologies,AIRS,126588310.03588676,1.7699999809265137,United States,71518820.0,2026-10-02,2026-10-05
316,ACNT,ACNT,124060171.93420029,13.770000457763672,United States,9009453.0,2026-10-02,2026-10-05
317,Aemetis,AMTX,123924282.06133842,1.7200000286102295,United States,72049000.0,2026-10-02,2026-10-05
318,AKA,AKA,118956181.73232079,10.850000381469727,United States,10963703.0,2026-10-02,2026-10-05
319,AXR,AXR,114697252.33504486,21.540000915527344,United States,5324849.0,2026-10-02,2026-10-05
320,Ascend Wellness (AWH),AAWH,112669996.45203352,0.5550000071525574,United States,203009000.0,2026-10-02,2026-10-05
321,ACRG,ACRG,112669527.59246445,7.989999771118164,United States,14101318.0,2026-10-02,2026-10-05
322,ANNA,ANNA,109207056.18053818,2.6700000762939453,United States,40901518.0,2026-10-02,2026-10-05
323,AARD,AARD,109201943.41111374,4.989999771118164,United States,21884158.0,2026-10-02,2026-10-05
324,APYX,APYX,107396639.49173689,2.549999952316284,United States,42116330.0,2026-10-02,2026-10-05
325,ANIX,ANIX,102024388.74911928,2.950000047683716,United States,34584538.0,2026-10-02,2026-10-05
326,AUBN,AUBN,94217045.26144028,26.979999542236328,United States,3492107.0,2026-10-02,2026-10-05
327,ATRA,ATRA,89519635.67733765,9.479999542236328,United States,9443000.0,2026-10-02,2026-10-05
328,AEYE,AEYE,86922120.95832825,6.920000076293945,United States,12561000.0,2026-10-02,2026-10-05
329,Acrivon Therapeutics,ACRV,85265958.25862288,1.9900000095367432,United States,42847215.0,2026-10-02,2026-10-05
330,ARQ,ARQ,83202540.09406567,1.940000057220459,United States,42887906.0,2026-10-02,2026-10-05
331,AIRT,AIRT,80211585.14642334,29.799999237060547,United States,2691664.0,2026-10-02,2026-10-05
332,AFC Gamma,AFCG,79413033.0,3.5,United States,22689438.0,2026-10-02,2026-10-05
333,ASRV,ASRV,78883843.16783857,4.650000095367432,United States,16964267.0,2026-10-02,2026-10-05
334,AMPG,AMPG,78237375.72683644,3.049999952316284,United States,25651599.0,2026-10-02,2026-10-05
335,ACR,ACR,77728998.17970085,10.899999618530273,United States,7131101.0,2026-10-02,2026-10-05
336,AEAE,AEAE,75257027.40421867,12.010000228881836,United States,6266197.0,2026-10-02,2026-10-05
337,Airship AI,AISP,73011867.49870491,2.119999885559082,United States,34439562.0,2026-10-02,2026-10-05
338,ASPS,ASPS,72745398.69308472,6.369999885559082,United States,11420000.0,2026-10-02,2026-10-05
339,ATLX,ATLX,72450909.55029511,2.4100000858306885,United States,30062617.0,2026-10-02,2026-10-05
340,AASP,AASP,71785032.0,5.5,United States,13051824.0,2026-10-02,2026-10-05
341,Aldeyra Therapeutics,ALDX,70575646.9713006,1.1699999570846558,United States,60321068.0,2026-10-02,2026-10-05
342,ADBT,ADBT,68189198.57031378,0.14000000059604645,United States,487065702.0,2026-10-02,2026-10-05
343,AMCI,AMCI,68027092.41446614,3.009999990463257,United States,22600363.0,2026-10-02,2026-10-05
344,Adicet Bio,ACET,60848911.5,6.5,United States,9361371.0,2026-10-02,2026-10-05
345,AURX,AURX,60523155.0,1.25,United States,48418524.0,2026-10-02,2026-10-05
346,AIRG,AIRG,60284971.745967865,4.610000133514404,United States,13077000.0,2026-10-02,2026-10-05
347,ATVK,ATVK,58806763.92250776,6.440000057220459,United States,9131485.0,2026-10-02,2026-10-05
348,AETN,AETN,53343355.536314964,1.0099999904632568,United States,52815204.0,2026-10-02,2026-10-05
349,AVAT,AVAT,53162407.09671199,1.8300000429153442,United States,29050495.0,2026-10-02,2026-10-05
350,APT,APT,51515133.134319305,5.090000152587891,United States,10120851.0,2026-10-02,2026-10-05
351,ANVS,ANVS,50275257.12521839,1.1799999475479126,United States,42606152.0,2026-10-02,2026-10-05
352,AVD,AVD,49849260.273218155,1.7400000095367432,United States,28649000.0,2026-10-02,2026-10-05
353,ALSAF,ALSAF,49356998.77738953,15.399999618530273,United States,3205000.0,2026-10-02,2026-10-05
354,AERT,AERT,48735465.25643158,7.409999847412109,United States,6576986.0,2026-10-02,2026-10-05
355,ACFN,ACFN,47732935.50881195,19.020000457763672,United States,2509618.0,2026-10-02,2026-10-05
356,AVX,AVX,45652272.5955677,6.199999809265137,United States,7363270.0,2026-10-02,2026-10-05
357,AGIG,AGIG,44150321.0,1.0,United States,44150321.0,2026-10-02,2026-10-05
358,AXIL,AXIL,42095942.29052925,6.170000076293945,United States,6822681.0,2026-10-02,2026-10-05
359,ATHR,ATHR,41907944.07922506,3.450000047683716,United States,12147230.0,2026-10-02,2026-10-05
360,ACH,ACH,39221398.30657959,0.5099999904632568,United States,76904704.0,2026-10-02,2026-10-05
361,ATNM,ATNM,36786478.77067995,1.1699999570846558,United States,31441436.0,2026-10-02,2026-10-05
362,ALGS,ALGS,34552026.88208389,5.539999961853027,United States,6236828.0,2026-10-02,2026-10-05
363,ARAY,ARAY,33441363.342375755,0.2800000011920929,United States,119433440.0,2026-10-02,2026-10-05
364,AATC,AATC,31148393.557725906,5.760000228881836,United States,5407707.0,2026-10-02,2026-10-05
365,AEI,AEI,28860705.22940278,0.7419999837875366,United States,38895830.0,2026-10-02,2026-10-05
366,AIFA,AIFA,28698811.172964096,4.46999979019165,United States,6420316.0,2026-10-02,2026-10-05
367,AAPI,AAPI,28571980.961985946,0.12999999523162842,United States,219784477.0,2026-10-02,2026-10-05
368,ATCH,ATCH,28545682.894568205,0.18799999356269836,United States,151838744.0,2026-10-02,2026-10-05
369,AUSI,AUSI,28386350.003798246,0.1899999976158142,United States,149401844.0,2026-10-02,2026-10-05
370,ATYR,ATYR,28151091.02177173,0.28700000047683716,United States,98087425.0,2026-10-02,2026-10-05
371,ANKM,ANKM,27348378.0,6.0,United States,4558063.0,2026-10-02,2026-10-05
372,ABVC,ABVC,26025340.394260406,1.0099999904632568,United States,25767664.0,2026-10-02,2026-10-05
373,AAME,AAME,25904479.17095375,1.2699999809265137,United States,20397228.0,2026-10-02,2026-10-05
374,ALIS,ALIS,25076074.814796448,10.329999923706055,United States,2427500.0,2026-10-02,2026-10-05
375,AWRE,AWRE,23874357.617462754,1.100000023841858,United States,21703961.0,2026-10-02,2026-10-05
376,ADTI,ADTI,23372931.229774714,2.885999917984009,United States,8098729.0,2026-10-02,2026-10-05
377,ATOS,ATOS,23351556.463469982,2.3399999141693115,United States,9979298.0,2026-10-02,2026-10-05
378,ABCP,ABCP,22933260.911285877,0.27000001072883606,United States,84938000.0,2026-10-02,2026-10-05
379,ASTI,ASTI,22675955.048299313,2.309999942779541,United States,9816431.0,2026-10-02,2026-10-05
380,AIFF,AIFF,21329697.584355712,1.3600000143051147,United States,15683601.0,2026-10-02,2026-10-05
381,AIXC,AIXC,20437342.73702407,1.0099999904632568,United States,20234993.0,2026-09-29,2026-10-05
382,ACTU,ACTU,19667119.70040679,0.8190000057220459,United States,24013577.0,2026-10-02,2026-10-05
383,AVAI,AVAI,19393487.501920834,0.12600000202655792,United States,153916565.0,2026-10-02,2026-10-05
384,ASFH,ASFH,19168305.877167165,0.23399999737739563,United States,81915838.0,2026-10-02,2026-10-05
385,ACCS,ACCS,18154713.98703766,4.710000038146973,United States,3854504.0,2026-10-02,2026-10-05
386,AAQL,AAQL,17480423.073124886,0.5099999904632568,United States,34275340.0,2026-10-02,2026-10-05
387,ADIA,ADIA,17431707.62016207,0.1080000028014183,United States,161404696.0,2026-10-02,2026-10-05
388,ALLR,ALLR,16547152.353054047,1.0399999618530273,United States,15910724.0,2026-10-02,2026-10-05
389,AWCA,AWCA,16373203.434030376,0.03999999910593033,United States,409330095.0,2026-10-02,2026-10-05
390,ARTW,ARTW,16239060.333742142,3.130000114440918,United States,5188198.0,2026-10-02,2026-10-05
391,ARKR,ARKR,16227000.0,4.5,United States,3606000.0,2026-10-02,2026-10-05
392,AHT,AHT,14766399.294706106,2.2799999713897705,United States,6476491.0,2026-10-02,2026-10-05
393,ASTC,ASTC,14183892.885041237,7.059999942779541,United States,2009050.0,2026-10-02,2026-10-05
394,AIRI,AIRI,13193789.898778439,2.7200000286102295,United States,4850658.0,2026-10-02,2026-10-05
395,ANEB,ANEB,13147113.626139104,0.3199999928474426,United States,41084731.0,2026-10-02,2026-10-05
396,ADMG,ADMG,11716295.402507633,0.13449999690055847,United States,87110005.0,2026-10-02,2026-10-05
397,ASBP,ASBP,11372154.174135208,8.779999732971191,United States,1295234.0,2026-10-02,2026-10-05
398,ARAI,ARAI,11201619.242559448,0.2160000056028366,United States,51859347.0,2026-10-02,2026-10-05
399,AWHL,AWHL,11192098.309837103,0.23999999463558197,United States,46633744.0,2026-10-02,2026-10-05
400,ADIL,ADIL,10818666.499490738,4.119999885559082,United States,2625890.0,2026-10-02,2026-10-05
401,AGLY,AGLY,10267490.557990968,0.017000000923871994,United States,603970000.0,2026-10-02,2026-10-05
402,AIMD,AIMD,9990651.099974036,1.3530000448226929,United States,7384073.0,2026-10-02,2026-10-05
403,AWX,AWX,9670588.954375744,2.4800000190734863,United States,3899431.0,2026-10-02,2026-10-05
404,APCX,APCX,9660904.99525407,0.23000000417232513,United States,42003934.0,2026-10-02,2026-10-05
405,AMS,AMS,9341249.778866768,1.409999966621399,United States,6625000.0,2026-10-02,2026-10-05
406,ADVB,ADVB,9301755.116362095,6.730000019073486,United States,1382133.0,2026-10-02,2026-10-05
407,ALUR,ALUR,8996691.957496405,0.6000000238418579,United States,14994486.0,2026-10-02,2026-10-05
408,APRE,APRE,8611839.431371689,0.6949999928474426,United States,12391136.0,2026-10-02,2026-10-05
409,AQMS,AQMS,8257468.469615936,2.3299999237060547,United States,3543978.0,2026-10-02,2026-10-05
410,ABIT,ABIT,8190019.479005033,0.0020000000949949026,United States,4095009545.0,2026-10-02,2026-10-05
411,APHP,APHP,7569667.008982971,0.06599999964237213,United States,114691925.0,2026-10-02,2026-10-05
412,AMOD,AMOD,7381622.240170956,3.490000009536743,United States,2115078.0,2026-10-02,2026-10-05
413,AEON Biopharma,AEON,7339712.239055544,0.27900001406669617,United States,26307211.0,2026-10-02,2026-10-05
414,ATER,ATER,7126013.238737583,0.6549999713897705,United States,10879410.0,2026-10-02,2026-10-05
415,AIRE,AIRE,7094078.921893358,1.3200000524520874,United States,5374302.0,2026-10-02,2026-10-05
416,AUID,AUID,7082161.962236524,0.4390000104904175,United States,16132487.0,2026-10-02,2026-10-05
417,AIEV,AIEV,7050728.223437786,0.13899999856948853,United States,50724664.0,2026-10-02,2026-10-05
418,AUUD,AUUD,7021850.441373825,1.2100000381469727,United States,5803182.0,2026-10-02,2026-10-05
419,ALZN,ALZN,6611240.53301084,1.3700000047683716,United States,4825723.0,2026-10-02,2026-10-05
420,ADMQ,ADMQ,6518359.247181542,0.041120000183582306,United States,158520409.0,2026-10-02,2026-10-05
421,AIXN,AIXN,6499956.601583004,0.25999999046325684,United States,24999834.0,2026-10-02,2026-10-05
422,AMST,AMST,6156859.924383938,0.9399999976158142,United States,6549851.0,2026-10-02,2026-10-05
423,ACXP,ACXP,5947731.220674038,1.2699999809265137,United States,4683253.0,2026-10-02,2026-10-05
424,ACON,ACON,5860155.28178215,2.380000114440918,United States,2462250.0,2026-10-02,2026-10-05
425,AIM,AIM,5218213.34735316,0.18000000715255737,United States,28990073.0,2026-10-02,2026-10-05
426,AMSS,AMSS,4874133.867822319,0.41999998688697815,United States,11605081.0,2026-10-02,2026-10-05
427,APUS,APUS,4859360.003176212,3.2200000286102295,United States,1509118.0,2026-10-02,2026-10-05
428,ATHS,ATHS,4791455.596647263,23.510000228881836,United States,203805.0,2026-10-02,2026-10-05
429,AQB,AQB,4761163.761359453,0.925000011920929,United States,5147204.0,2026-10-02,2026-10-05
430,AIDX,AIDX,4655455.181581736,0.3799999952316284,United States,12251198.0,2026-10-02,2026-10-05
431,AUMN,AUMN,3462201.1028062105,0.23000000417232513,United States,15053048.0,2026-10-02,2026-10-05
432,ADGM,ADGM,3398200.163455367,0.15299999713897705,United States,22210459.0,2026-10-02,2026-10-05
433,ATXG,ATXG,3383106.770490408,3.2799999713897705,United States,1031435.0,2026-10-02,2026-10-05
434,ADMT,ADMT,3379424.6503573507,0.05000000074505806,United States,67588492.0,2026-10-02,2026-10-05
435,AEMD,AEMD,3079242.808942795,6.449999809265137,United States,477402.0,2026-10-02,2026-10-05
436,APVO,APVO,2497355.506467819,1.7599999904632568,United States,1418952.0,2026-10-02,2026-10-05
437,ARTL,ARTL,2476669.484928131,3.680000066757202,United States,673008.0,2026-10-02,2026-10-05
438,AREB,AREB,2205437.1511429846,0.10499999672174454,United States,21004164.0,2026-10-02,2026-10-05
439,ACUT,ACUT,2169756.131218359,0.13500000536441803,United States,16072267.0,2026-10-02,2026-10-05
440,ABPO,ABPO,2081304.856844902,0.3529999852180481,United States,5896048.0,2026-10-02,2026-10-05
441,ATPC,ATPC,2062290.29478693,2.061000108718872,United States,1000626.0,2026-10-02,2026-10-05
442,AMIX,AMIX,2049939.3444843292,3.7799999713897705,United States,542312.0,2026-10-02,2026-10-05
443,ALTX,ALTX,1901898.8200050592,0.17000000178813934,United States,11187640.0,2026-10-02,2026-10-05
444,AIBT,AIBT,1589514.5861870497,0.002199999988079071,United States,722506634.0,2026-10-02,2026-10-05
445,ACBM,ACBM,1561092.0322090387,0.026000000536441803,United States,60042000.0,2026-10-02,2026-10-05
446,ASNS,ASNS,1441879.0214856714,0.05000000074505806,United States,28837580.0,2026-10-02,2026-10-05
447,ARRT,ARRT,1412415.4510111809,0.32100000977516174,United States,4400048.0,2026-10-02,2026-10-05
448,ATXI,ATXI,1342995.6055318415,0.40759000182151794,United States,3294967.0,2026-10-02,2026-10-05
449,ASFT,ASFT,1123799.5,0.25,United States,4495198.0,2026-10-02,2026-10-05
450,AITX,AITX,1048903.017507556,0.0027000000700354576,United States,388482589.0,2026-10-02,2026-10-05
451,AGSS,AGSS,938159.0063517373,0.010499999858438969,United States,89348478.0,2026-10-02,2026-10-05
452,AXIM,AXIM,905876.47987419,0.003000000026077032,United States,301958824.0,2026-10-02,2026-10-05
453,AGTX,AGTX,801339.0020886771,0.019999999552965164,United States,40066951.0,2026-10-02,2026-10-05
454,AHRO,AHRO,700650.4175791075,0.0003000000142492354,United States,2335501281.0,2026-10-02,2026-10-05
455,AERA,AERA,377109.2511677146,0.06499999761581421,United States,5801681.0,2026-10-02,2026-10-05
456,ASII,ASII,265349.3528967113,9.999999747378752e-05,United States,2653493596.0,2026-10-02,2026-10-05
457,AOXY,AOXY,250263.8119527325,0.07599999755620956,United States,3292945.0,2026-10-02,2026-10-05
458,ACRL,ACRL,241231.39379816153,0.0017000000225380063,United States,141900818.0,2026-10-02,2026-10-05
459,AMZE,AMZE,196078.96769505367,0.01899999938905239,United States,10319946.0,2026-10-02,2026-10-05
460,ATDS,ATDS,131342.03108202113,9.999999747378752e-05,United States,1313420344.0,2026-10-02,2026-10-05
461,APSI,APSI,129547.47644595802,0.007530000060796738,United States,17204180.0,2026-10-02,2026-10-05
462,ADNH,ADNH,987.4902469032677,0.0003000000142492354,United States,3291634.0,2026-10-02,2026-10-05
463,ADTX,ADTX,115.89000100735575,0.003000000026077032,United States,38630.0,2026-10-02,2026-10-05
